key,value
nav.brandName,DOLPHLINK
nav.ctaLabel,Request Briefing
nav.ctaMailto,Salesmarketing@dolphlink.com?subject=Briefing Request&cc=Joycetsam@dolphlink.com
hero.eyebrow,Global Communications Spine · Sovereign AI Orchestration
hero.h1Line1,Behind Every Great
hero.h1Line2,Customer Moment.
hero.tagline,"From the first message to the millionth, DOLPHLINK is the Singapore-based communications spine built for governments and regulated enterprises. We orchestrate SMS, voice, and the AI-Human Lifecycle into one carrier-grade fabric, partnering with you through every step of the migration to sovereign, next-generation customer engagement."
hero.ctaPrimary,Explore the Portfolio
hero.ctaPrimaryScrollTo,n-sec
video.tag,FEATURE PRESENTATION
video.title,Connect Every Customer.
video.subtitle,"One platform for global SMS, voice, phone numbers, and AI-Human conversation, with migration support every step from legacy to next-generation operations."
video.meta,DOLPHLINK / ONECORE
reliability.headerTag,The Numbers Behind Every Conversation
reliability.slaLabel,Verified {Q}-{MMM} {YYYY}
portfolios.headerTag,The Portfolio
audit.title,The Trust Layer
charts.ecoLabel,Industries We Serve
charts.mapLabel,Global Connectivity Network
footer.brandTitle,DOLPHLINK
footer.brandTagline,"Singapore-based communications spine and migration partner by Baiwu Technology Group. Connecting governments and global enterprises across 220+ countries with mission-critical reliability."
footer.missionLabel,OUR DOCTRINE
footer.missionText,"Standardize. Secure. Sustain. Engineering communication and orchestration for institutions where reliability is non-negotiable. Every release is audited, every byte is governed, every conversation is accountable."
footer.locationLabel,HEADQUARTERS
footer.locationLine1,9 Raffles Place #29-04
footer.locationLine2,"Republic Plaza, Singapore 048619"
footer.connectivityLabel,ENGAGE
footer.salesEmail,Salesmarketing@dolphlink.com
footer.salesMailto,Salesmarketing@dolphlink.com?cc=Joycetsam@dolphlink.com
footer.officialSiteLabel,Baiwu Group
footer.officialSiteHref,https://www.baiwutong.com
footer.copyright,© 2026 DOLPHLINK BY BAIWU TECHNOLOGY GROUP. ALL RIGHTS RESERVED.
